Naomii_King;23.800
tommylongxx;17.306
Fenty_XX;14.861
ChristineJoness;11.698
EmilyLeah;10.100
Tamara_Lubezkii;8832
BiancaFollerach;5888
AshlieGreen1;5601
DaraBeckett;5153
Adela_Brandod;4582
AlejandraDangerGirl;4577
HaleyGil;4520
ValeriaRioz;4456
Genesis_Sandoval;3952
Charlotte_Myers;3931
PittAndLunaa;3873
MadelaineJones;3853
Youlittles_lut;3373
SashaMacgregor;3334
Rubi_Ambar;3249
KaliopeRnett;3168
Samanntha_Rose;3022
Aisha_Weatherss;2870
AnnWeltt;2845
RoxannaBlanche;2634
ValeryPine;2236
CloeFox18;2023
NoahCollinss;1930
Valeria186;1927
JadelynSmile;1874
Kristal-Jhons;1828
ZairaCook;1749
MiaFalls;1588
ScarlettAndClark;1502
Ms-Zoehans;1491
AngelGrreco;1386
RouwsMarant;1181
MaluBaker;1050
Ambber_Sweet;1037
TinnaFox;1025
Bonniee18;946
JadeVega;938
CharlotteMillers;895
MargaretRogers;876
GlendaStarx;789
ValentinaGil;778
KeilaPalmer;773
SharlottDiamons;765
Samantha_Desai;757
MiaTayllor;752
AleshaAndTaylor;705
FrancheskaAvila;683
VenusZahira;599
KrystleKane;539
Clooe_Queen;527
Naomi_Higurashi;402
KylieeWilliams;387
CloePrice;365
Gaby_Miillerr;250
AngelyStonne;232
SophiaLunash;217
_MARRTINNA_;149
MaddieLorens;140
AngelsJones;124
Mia_Sweetty;115
DannaWesst;103
Brenda_TaylorXXX;95
Baby_Brownssugar;90
Christie_Wilde;75
LyonTwink10;65
LesslyJones;61
katherin_cruz_;55
Hot_Gooddess;42
SandraXXXSaenz;27
Sharlott_Roxx;23
Daiisy_Brooks;20
TifanyTaylor;10
AlessandraGolds;8
AlexBicgcokXXX;5
Angela_White_;3
Saray_Jones;1
